!!!SBtab DocumentName='report' SBtabVersion='1.0' Date='2024-7-15'
!!SBtab TableID='Predicted concentrations' TableType='Quantity' TableName='Predicted concentrations' SBtabVersion='1.0' Unit='M'
!QuantityType	!Compound	!Value
concentration	h2o	1.000e+00
concentration	atp	1.000e-02
concentration	adp	5.000e-04
concentration	pi	2.000e-02
concentration	coa	1.000e-03
concentration	co2	1.000e-05
concentration	ac_coa	1.000e-02
concentration	pyr	6.253e-04
concentration	ace	1.480e-03
concentration	aa_coa	4.006e-06
concentration	lac	1.000e-02
concentration	h2	1.580e-03
concentration	cro_coa	9.324e-05
concentration	but_coa	1.000e-02
concentration	ace_p	2.619e-03
concentration	hb_coa	4.006e-04
concentration	hexa_coa	1.825e-04
concentration	oh_coa	4.450e-07
concentration	hexe_coa	1.050e-05
concentration	hh_coa	2.345e-05
concentration	cap	1.000e-06

!!SBtab TableID='Predicted Gibbs energies' TableType='Quantity' TableName='Predicted Gibbs energies' SBtabVersion='1.0' Unit='kJ/mol'
!QuantityType	!Reaction	!Value
reaction gibbs energy	LDH	-1.342e+00
reaction gibbs energy	PFOR	-1.912e+01
reaction gibbs energy	ACACT1	-1.962e-01
reaction gibbs energy	HACD1	-7.426e+00
reaction gibbs energy	ECOAH1	-3.143e-01
reaction gibbs energy	EBACD1	-2.088e+01
reaction gibbs energy	ACACT2	-1.120e-01
reaction gibbs energy	HACD2	-1.192e+01
reaction gibbs energy	ECOAH2	-1.302e+00
reaction gibbs energy	EBACD2	-3.077e+01
reaction gibbs energy	CoAT	-3.151e+00
reaction gibbs energy	PTA	-5.983e-01
reaction gibbs energy	ACK	-4.923e+00
reaction gibbs energy	HYD1	-5.479e+00

!!SBtab TableID='Predicted enzyme levels' TableType='Quantity' TableName='Predicted enzyme levels' SBtabVersion='1.0' Unit='M'
!QuantityType	!Reaction	!Value
concentration of enzyme	LDH	1.294e-02
concentration of enzyme	PFOR	2.474e-02
concentration of enzyme	ACACT1	2.259e-02
concentration of enzyme	HACD1	2.622e-01
concentration of enzyme	ECOAH1	2.399e-02
concentration of enzyme	EBACD1	1.822e-01
concentration of enzyme	ACACT2	3.893e-02
concentration of enzyme	HACD2	8.370e-01
concentration of enzyme	ECOAH2	4.028e-02
concentration of enzyme	EBACD2	6.175e-02
concentration of enzyme	CoAT	2.251e-02
concentration of enzyme	PTA	8.051e-03
concentration of enzyme	ACK	2.785e-02
concentration of enzyme	HYD1	3.669e-02

