!!!SBtab DocumentName='report' SBtabVersion='1.0' Date='2024-7-15'
!!SBtab TableID='Predicted concentrations' TableType='Quantity' TableName='Predicted concentrations' SBtabVersion='1.0' Unit='M'
!QuantityType	!Compound	!Value
concentration	h2o	1.000e+00
concentration	atp	1.000e-02
concentration	adp	5.000e-04
concentration	pi	2.000e-02
concentration	coa	1.000e-03
concentration	co2	1.000e-05
concentration	ac_coa	1.000e-02
concentration	pyr	6.253e-04
concentration	ace	1.328e-03
concentration	aa_coa	4.006e-06
concentration	lac	1.000e-02
concentration	h2	1.580e-03
concentration	cro_coa	9.324e-05
concentration	but_coa	1.000e-02
concentration	ace_p	2.584e-03
concentration	octa_coa	2.165e-04
concentration	hb_coa	4.006e-04
concentration	hexa_coa	1.000e-02
concentration	oo_coa	5.001e-07
concentration	oh_coa	4.475e-07
concentration	octanoate	1.000e-06
concentration	hexe_coa	5.363e-05
concentration	hh_coa	8.214e-05
concentration	ho_coa	2.193e-05
concentration	octe_coa	1.422e-05

!!SBtab TableID='Predicted Gibbs energies' TableType='Quantity' TableName='Predicted Gibbs energies' SBtabVersion='1.0' Unit='kJ/mol'
!QuantityType	!Reaction	!Value
reaction gibbs energy	LDH	-1.342e+00
reaction gibbs energy	PFOR	-1.912e+01
reaction gibbs energy	ACACT1	-1.962e-01
reaction gibbs energy	HACD1	-7.426e+00
reaction gibbs energy	ECOAH1	-3.143e-01
reaction gibbs energy	EBACD1	-2.088e+01
reaction gibbs energy	ACACT2	-9.788e-02
reaction gibbs energy	HACD2	-8.827e+00
reaction gibbs energy	ECOAH2	-3.675e-01
reaction gibbs energy	EBACD2	-2.489e+01
reaction gibbs energy	ACACT3	-1.188e-01
reaction gibbs energy	HACD3	-1.123e+01
reaction gibbs energy	ECOAH3	-1.516e+00
reaction gibbs energy	EBACD3	-3.127e+01
reaction gibbs energy	CoAT	-3.344e+00
reaction gibbs energy	PTA	-6.319e-01
reaction gibbs energy	ACK	-5.158e+00
reaction gibbs energy	HYD1	-5.479e+00
reaction gibbs energy	RNF	-3.859e+00

!!SBtab TableID='Predicted enzyme levels' TableType='Quantity' TableName='Predicted enzyme levels' SBtabVersion='1.0' Unit='M'
!QuantityType	!Reaction	!Value
concentration of enzyme	LDH	1.294e-02
concentration of enzyme	PFOR	2.474e-02
concentration of enzyme	ACACT1	1.712e-02
concentration of enzyme	HACD1	1.986e-01
concentration of enzyme	ECOAH1	1.817e-02
concentration of enzyme	EBACD1	1.380e-01
concentration of enzyme	ACACT2	3.364e-02
concentration of enzyme	HACD2	8.123e-01
concentration of enzyme	ECOAH2	3.707e-02
concentration of enzyme	EBACD2	2.390e-01
concentration of enzyme	ACACT3	2.784e-02
concentration of enzyme	HACD3	5.620e-01
concentration of enzyme	ECOAH3	2.941e-02
concentration of enzyme	EBACD3	3.786e-02
concentration of enzyme	CoAT	1.553e-02
concentration of enzyme	PTA	5.812e-03
concentration of enzyme	ACK	1.934e-02
concentration of enzyme	HYD1	2.779e-02
concentration of enzyme	RNF	4.751e-03

