!!!SBtab DocumentName='report' SBtabVersion='1.0' Date='2024-7-15'
!!SBtab TableID='Predicted concentrations' TableType='Quantity' TableName='Predicted concentrations' SBtabVersion='1.0' Unit='M'
!QuantityType	!Compound	!Value
concentration	h2o	1.000e+00
concentration	atp	1.000e-02
concentration	adp	5.000e-04
concentration	pi	2.000e-02
concentration	coa	1.000e-03
concentration	co2	1.000e-05
concentration	ac_coa	1.000e-02
concentration	pyr	6.253e-04
concentration	ace	1.334e-03
concentration	aa_coa	4.006e-06
concentration	lac	1.000e-02
concentration	h2	1.580e-03
concentration	cro_coa	9.324e-05
concentration	but_coa	1.000e-02
concentration	ace_p	2.586e-03
concentration	octa_coa	1.000e-02
concentration	hb_coa	4.006e-04
concentration	deca_coa	2.180e-04
concentration	hexa_coa	1.000e-02
concentration	dece_coa	1.424e-05
concentration	hd_coa	2.195e-05
concentration	od_coa	5.001e-07
concentration	oo_coa	5.028e-07
concentration	oh_coa	4.475e-07
concentration	hexe_coa	5.363e-05
concentration	hh_coa	8.214e-05
concentration	ho_coa	6.994e-05
concentration	octe_coa	6.949e-05
concentration	decanoate	1.000e-06

!!SBtab TableID='Predicted Gibbs energies' TableType='Quantity' TableName='Predicted Gibbs energies' SBtabVersion='1.0' Unit='kJ/mol'
!QuantityType	!Reaction	!Value
reaction gibbs energy	LDH	-1.342e+00
reaction gibbs energy	PFOR	-1.912e+01
reaction gibbs energy	ACACT1	-1.962e-01
reaction gibbs energy	HACD1	-7.426e+00
reaction gibbs energy	ECOAH1	-3.143e-01
reaction gibbs energy	EBACD1	-2.088e+01
reaction gibbs energy	ACACT2	-9.788e-02
reaction gibbs energy	HACD2	-8.827e+00
reaction gibbs energy	ECOAH2	-3.675e-01
reaction gibbs energy	EBACD2	-2.489e+01
reaction gibbs energy	ACACT3	-1.054e-01
reaction gibbs energy	HACD3	-8.370e+00
reaction gibbs energy	ECOAH3	-4.591e-01
reaction gibbs energy	EBACD3	-2.571e+01
reaction gibbs energy	ACACT4	-1.188e-01
reaction gibbs energy	HACD4	-1.123e+01
reaction gibbs energy	ECOAH4	-1.514e+00
reaction gibbs energy	EBACD4	-3.126e+01
reaction gibbs energy	CoAT	-3.293e+00
reaction gibbs energy	PTA	-6.304e-01
reaction gibbs energy	ACK	-5.148e+00
reaction gibbs energy	HYD1	-5.479e+00
reaction gibbs energy	RNF	-3.859e+00

!!SBtab TableID='Predicted enzyme levels' TableType='Quantity' TableName='Predicted enzyme levels' SBtabVersion='1.0' Unit='M'
!QuantityType	!Reaction	!Value
concentration of enzyme	LDH	1.294e-02
concentration of enzyme	PFOR	2.474e-02
concentration of enzyme	ACACT1	1.369e-02
concentration of enzyme	HACD1	1.589e-01
concentration of enzyme	ECOAH1	1.454e-02
concentration of enzyme	EBACD1	1.104e-01
concentration of enzyme	ACACT2	2.691e-02
concentration of enzyme	HACD2	6.499e-01
concentration of enzyme	ECOAH2	2.965e-02
concentration of enzyme	EBACD2	1.912e-01
concentration of enzyme	ACACT3	2.502e-02
concentration of enzyme	HACD3	5.569e-01
concentration of enzyme	ECOAH3	2.869e-02
concentration of enzyme	EBACD3	1.478e-01
concentration of enzyme	ACACT4	2.227e-02
concentration of enzyme	HACD4	4.497e-01
concentration of enzyme	ECOAH4	2.353e-02
concentration of enzyme	EBACD4	3.034e-02
concentration of enzyme	CoAT	1.240e-02
concentration of enzyme	PTA	4.659e-03
concentration of enzyme	ACK	1.553e-02
concentration of enzyme	HYD1	2.224e-02
concentration of enzyme	RNF	7.601e-03

