!!!SBtab DocumentName='report' SBtabVersion='1.0' Date='2024-7-15'
!!SBtab TableID='Predicted concentrations' TableType='Quantity' TableName='Predicted concentrations' SBtabVersion='1.0' Unit='M'
!QuantityType	!Compound	!Value
concentration	h2o	1.000e+00
concentration	atp	1.000e-02
concentration	o2	6.600e-06
concentration	adp	5.000e-04
concentration	pi	2.000e-02
concentration	coa	1.000e-03
concentration	co2	1.000e-05
concentration	ac_coa	1.000e-02
concentration	pyr	6.253e-04
concentration	ace	7.726e-03
concentration	no2	1.000e-02
concentration	aa_coa	4.006e-06
concentration	lac	1.000e-02
concentration	h2	1.580e-03
concentration	cro_coa	9.324e-05
concentration	no	2.097e-03
concentration	but_coa	1.000e-02
concentration	ace_p	3.149e-03
concentration	hb_coa	4.006e-04
concentration	hexa_coa	1.000e-02
concentration	oh_coa	4.475e-07
concentration	n2	1.007e-06
concentration	hexe_coa	5.363e-05
concentration	hh_coa	8.214e-05
concentration	6_oxo_hex	1.000e-06
concentration	cap	9.589e-04
concentration	6_hyd_hex	9.751e-03
concentration	adi	1.000e-06

!!SBtab TableID='Predicted Gibbs energies' TableType='Quantity' TableName='Predicted Gibbs energies' SBtabVersion='1.0' Unit='kJ/mol'
!QuantityType	!Reaction	!Value
reaction gibbs energy	LDH	-1.342e+00
reaction gibbs energy	PFOR	-1.912e+01
reaction gibbs energy	ACACT1	-1.962e-01
reaction gibbs energy	HACD1	-7.426e+00
reaction gibbs energy	ECOAH1	-3.143e-01
reaction gibbs energy	EBACD1	-2.088e+01
reaction gibbs energy	ACACT2	-9.788e-02
reaction gibbs energy	HACD2	-8.827e+00
reaction gibbs energy	ECOAH2	-3.675e-01
reaction gibbs energy	EBACD2	-2.489e+01
reaction gibbs energy	CoAT	-1.534e-01
reaction gibbs energy	PTA	-1.422e-01
reaction gibbs energy	ACK	-1.285e+00
reaction gibbs energy	HYD1	-5.479e+00
reaction gibbs energy	NIR	-7.123e+01
reaction gibbs energy	NOD	-1.711e+02
reaction gibbs energy	ALKBGT	-3.196e+02
reaction gibbs energy	YJGB	-1.427e-01
reaction gibbs energy	CHNE	-1.479e+01
reaction gibbs energy	RUBD_NAD	-3.956e+01
reaction gibbs energy	NAD_FICTC	-2.952e+01

!!SBtab TableID='Predicted enzyme levels' TableType='Quantity' TableName='Predicted enzyme levels' SBtabVersion='1.0' Unit='M'
!QuantityType	!Reaction	!Value
concentration of enzyme	LDH	1.294e-02
concentration of enzyme	PFOR	2.474e-02
concentration of enzyme	ACACT1	2.259e-02
concentration of enzyme	HACD1	2.622e-01
concentration of enzyme	ECOAH1	2.399e-02
concentration of enzyme	EBACD1	1.822e-01
concentration of enzyme	ACACT2	4.440e-02
concentration of enzyme	HACD2	1.072e+00
concentration of enzyme	ECOAH2	4.893e-02
concentration of enzyme	EBACD2	3.155e-01
concentration of enzyme	CoAT	3.294e-02
concentration of enzyme	PTA	3.106e-02
concentration of enzyme	ACK	2.153e-01
concentration of enzyme	HYD1	3.669e-02
concentration of enzyme	NIR	2.029e-03
concentration of enzyme	NOD	1.980e-03
concentration of enzyme	ALKBGT	5.708e-01
concentration of enzyme	YJGB	3.010e-02
concentration of enzyme	CHNE	3.342e-01
concentration of enzyme	RUBD_NAD	4.950e-03
concentration of enzyme	NAD_FICTC	4.950e-03

