!!!SBtab DocumentName='report' SBtabVersion='1.0' Date='2024-7-15'
!!SBtab TableID='Predicted concentrations' TableType='Quantity' TableName='Predicted concentrations' SBtabVersion='1.0' Unit='M'
!QuantityType	!Compound	!Value
concentration	h2o	1.000e+00
concentration	coa	1.000e-03
concentration	co2	1.000e-05
concentration	ac_coa	1.000e-02
concentration	pyr	6.253e-04
concentration	aa_coa	4.006e-06
concentration	lac	1.000e-02
concentration	cro_coa	9.324e-05
concentration	but_coa	1.000e-02
concentration	hb_coa	4.006e-04
concentration	hexa_coa	1.238e-04
concentration	oh_coa	4.449e-07
concentration	hexe_coa	9.663e-06
concentration	hh_coa	2.230e-05
concentration	hexanal	6.441e-05
concentration	hexanol	1.000e-06

!!SBtab TableID='Predicted Gibbs energies' TableType='Quantity' TableName='Predicted Gibbs energies' SBtabVersion='1.0' Unit='kJ/mol'
!QuantityType	!Reaction	!Value
reaction gibbs energy	LDH	-1.342e+00
reaction gibbs energy	PFOR	-1.912e+01
reaction gibbs energy	ACACT1	-1.962e-01
reaction gibbs energy	HACD1	-7.426e+00
reaction gibbs energy	ECOAH1	-3.143e-01
reaction gibbs energy	EBACD1	-2.088e+01
reaction gibbs energy	ACACT2	-1.123e-01
reaction gibbs energy	HACD2	-1.204e+01
reaction gibbs energy	ECOAH2	-1.384e+00
reaction gibbs energy	EBACD2	-3.153e+01
reaction gibbs energy	RNF	-3.859e+00
reaction gibbs energy	HXALD	-1.776e+02
reaction gibbs energy	ALCD6	-3.291e+01

!!SBtab TableID='Predicted enzyme levels' TableType='Quantity' TableName='Predicted enzyme levels' SBtabVersion='1.0' Unit='M'
!QuantityType	!Reaction	!Value
concentration of enzyme	LDH	1.294e-02
concentration of enzyme	PFOR	2.474e-02
concentration of enzyme	ACACT1	2.259e-02
concentration of enzyme	HACD1	2.622e-01
concentration of enzyme	ECOAH1	2.399e-02
concentration of enzyme	EBACD1	1.822e-01
concentration of enzyme	ACACT2	3.882e-02
concentration of enzyme	HACD2	8.325e-01
concentration of enzyme	ECOAH2	4.010e-02
concentration of enzyme	EBACD2	5.694e-02
concentration of enzyme	RNF	1.254e-02
concentration of enzyme	HXALD	2.279e-02
concentration of enzyme	ALCD6	6.799e-03

