!!!SBtab DocumentName='report' SBtabVersion='1.0' Date='2024-7-15'
!!SBtab TableID='Predicted concentrations' TableType='Quantity' TableName='Predicted concentrations' SBtabVersion='1.0' Unit='M'
!QuantityType	!Compound	!Value
concentration	h2o	1.000e+00
concentration	atp	1.000e-02
concentration	o2	6.600e-06
concentration	adp	5.000e-04
concentration	pi	2.000e-02
concentration	coa	1.000e-03
concentration	co2	1.000e-05
concentration	ac_coa	1.000e-02
concentration	pyr	6.253e-04
concentration	ace	1.000e-06
concentration	no2	1.000e-02
concentration	aa_coa	4.006e-06
concentration	lac	1.000e-02
concentration	cro_coa	9.325e-05
concentration	no	1.508e-03
concentration	but_coa	1.000e-02
concentration	ace_p	1.753e-03
concentration	hb_coa	4.006e-04
concentration	hexa_coa	1.511e-04
concentration	oh_coa	4.450e-07
concentration	n2	1.002e-06
concentration	hexe_coa	1.006e-05
concentration	hh_coa	2.285e-05
concentration	hexanal	1.781e-04
concentration	hexanol	1.058e-03
concentration	hex_diol	1.000e-06

!!SBtab TableID='Predicted Gibbs energies' TableType='Quantity' TableName='Predicted Gibbs energies' SBtabVersion='1.0' Unit='kJ/mol'
!QuantityType	!Reaction	!Value
reaction gibbs energy	LDH	-1.342e+00
reaction gibbs energy	PFOR	-1.912e+01
reaction gibbs energy	ACACT1	-1.962e-01
reaction gibbs energy	HACD1	-7.426e+00
reaction gibbs energy	ECOAH1	-3.143e-01
reaction gibbs energy	EBACD1	-2.088e+01
reaction gibbs energy	ACACT2	-1.121e-01
reaction gibbs energy	HACD2	-1.198e+01
reaction gibbs energy	ECOAH2	-1.343e+00
reaction gibbs energy	EBACD2	-3.113e+01
reaction gibbs energy	PTA	-1.594e+00
reaction gibbs energy	ACK	-2.201e+01
reaction gibbs energy	RNF	-3.859e+00
reaction gibbs energy	HXALD	-1.756e+02
reaction gibbs energy	ALCD6	-1.817e+01
reaction gibbs energy	NIR	-7.205e+01
reaction gibbs energy	NOD	-1.695e+02
reaction gibbs energy	ALKBGT	-3.427e+02
reaction gibbs energy	RUBD_NAD	-3.956e+01
reaction gibbs energy	NAD_FICTC	-2.952e+01

!!SBtab TableID='Predicted enzyme levels' TableType='Quantity' TableName='Predicted enzyme levels' SBtabVersion='1.0' Unit='M'
!QuantityType	!Reaction	!Value
concentration of enzyme	LDH	1.294e-02
concentration of enzyme	PFOR	2.474e-02
concentration of enzyme	ACACT1	1.712e-02
concentration of enzyme	HACD1	1.986e-01
concentration of enzyme	ECOAH1	1.817e-02
concentration of enzyme	EBACD1	1.380e-01
concentration of enzyme	ACACT2	2.945e-02
concentration of enzyme	HACD2	6.323e-01
concentration of enzyme	ECOAH2	3.044e-02
concentration of enzyme	EBACD2	4.487e-02
concentration of enzyme	PTA	2.745e-03
concentration of enzyme	ACK	4.818e-03
concentration of enzyme	RNF	9.501e-03
concentration of enzyme	HXALD	2.002e-02
concentration of enzyme	ALCD6	1.008e-02
concentration of enzyme	NIR	2.927e-03
concentration of enzyme	NOD	1.604e-03
concentration of enzyme	ALKBGT	4.656e-02
concentration of enzyme	RUBD_NAD	3.750e-03
concentration of enzyme	NAD_FICTC	3.750e-03

