!!!SBtab DocumentName='report' SBtabVersion='1.0' Date='2024-7-15'
!!SBtab TableID='Predicted concentrations' TableType='Quantity' TableName='Predicted concentrations' SBtabVersion='1.0' Unit='M'
!QuantityType	!Compound	!Value
concentration	h2o	1.000e+00
concentration	atp	1.000e-02
concentration	adp	5.000e-04
concentration	pi	2.000e-02
concentration	coa	1.000e-03
concentration	co2	1.000e-05
concentration	ac_coa	1.000e-02
concentration	pyr	6.252e-04
concentration	ace	4.333e-03
concentration	aa_coa	4.006e-06
concentration	lac	1.000e-02
concentration	cro_coa	9.324e-05
concentration	but_coa	1.000e-02
concentration	ace_p	2.966e-03
concentration	hb_coa	4.006e-04
concentration	hexa_coa	1.768e-03
concentration	oh_coa	4.459e-07
concentration	hexe_coa	2.375e-05
concentration	hh_coa	4.153e-05
concentration	cap	8.733e-05
concentration	hexanal	3.311e-06
concentration	hexanol	1.000e-06

!!SBtab TableID='Predicted Gibbs energies' TableType='Quantity' TableName='Predicted Gibbs energies' SBtabVersion='1.0' Unit='kJ/mol'
!QuantityType	!Reaction	!Value
reaction gibbs energy	LDH	-1.342e+00
reaction gibbs energy	PFOR	-1.912e+01
reaction gibbs energy	ACACT1	-1.962e-01
reaction gibbs energy	HACD1	-7.426e+00
reaction gibbs energy	ECOAH1	-3.143e-01
reaction gibbs energy	EBACD1	-2.088e+01
reaction gibbs energy	ACACT2	-1.071e-01
reaction gibbs energy	HACD2	-1.051e+01
reaction gibbs energy	ECOAH2	-6.954e-01
reaction gibbs energy	EBACD2	-2.717e+01
reaction gibbs energy	CoAT	-3.652e-01
reaction gibbs energy	PTA	-2.908e-01
reaction gibbs energy	ACK	-2.569e+00
reaction gibbs energy	RNF	-3.859e+00
reaction gibbs energy	AFDOR6	-5.797e-01
reaction gibbs energy	ALCD6	-2.555e+01

!!SBtab TableID='Predicted enzyme levels' TableType='Quantity' TableName='Predicted enzyme levels' SBtabVersion='1.0' Unit='M'
!QuantityType	!Reaction	!Value
concentration of enzyme	LDH	1.294e-02
concentration of enzyme	PFOR	2.474e-02
concentration of enzyme	ACACT1	2.259e-02
concentration of enzyme	HACD1	2.622e-01
concentration of enzyme	ECOAH1	2.399e-02
concentration of enzyme	EBACD1	1.822e-01
concentration of enzyme	ACACT2	4.065e-02
concentration of enzyme	HACD2	9.085e-01
concentration of enzyme	ECOAH2	4.307e-02
concentration of enzyme	EBACD2	1.384e-01
concentration of enzyme	CoAT	1.856e-02
concentration of enzyme	PTA	1.563e-02
concentration of enzyme	ACK	8.346e-02
concentration of enzyme	RNF	6.271e-03
concentration of enzyme	AFDOR6	2.632e-02
concentration of enzyme	ALCD6	1.018e-01

