!!!SBtab DocumentName='report' SBtabVersion='1.0' Date='2024-7-15'
!!SBtab TableID='Predicted concentrations' TableType='Quantity' TableName='Predicted concentrations' SBtabVersion='1.0' Unit='M'
!QuantityType	!Compound	!Value
concentration	h2o	1.000e+00
concentration	atp	1.000e-02
concentration	adp	5.000e-04
concentration	pi	2.000e-02
concentration	coa	1.000e-03
concentration	co2	1.000e-05
concentration	ac_coa	1.000e-02
concentration	pyr	6.252e-04
concentration	ace	9.945e-04
concentration	aa_coa	3.869e-06
concentration	lac	1.000e-02
concentration	h2	1.580e-03
concentration	cro_coa	1.858e-05
concentration	but_coa	2.068e-04
concentration	ace_p	2.491e-03
concentration	hb_coa	1.029e-04
concentration	but	1.000e-06

!!SBtab TableID='Predicted Gibbs energies' TableType='Quantity' TableName='Predicted Gibbs energies' SBtabVersion='1.0' Unit='kJ/mol'
!QuantityType	!Reaction	!Value
reaction gibbs energy	LDH	-1.342e+00
reaction gibbs energy	PFOR	-1.912e+01
reaction gibbs energy	ACACT	-2.819e-01
reaction gibbs energy	HACD	-1.071e+01
reaction gibbs energy	ECOAH	-9.427e-01
reaction gibbs energy	EBACD	-2.649e+01
reaction gibbs energy	CoAT	-1.188e+01
reaction gibbs energy	PTA	-7.230e-01
reaction gibbs energy	ACK	-5.784e+00
reaction gibbs energy	HYD1	-5.479e+00
reaction gibbs energy	RNF	-1.544e+01

!!SBtab TableID='Predicted enzyme levels' TableType='Quantity' TableName='Predicted enzyme levels' SBtabVersion='1.0' Unit='M'
!QuantityType	!Reaction	!Value
concentration of enzyme	LDH	1.294e-02
concentration of enzyme	PFOR	2.474e-02
concentration of enzyme	ACACT	2.423e-02
concentration of enzyme	HACD	2.009e-01
concentration of enzyme	ECOAH	2.468e-02
concentration of enzyme	EBACD	5.723e-02
concentration of enzyme	CoAT	3.059e-02
concentration of enzyme	PTA	1.033e-02
concentration of enzyme	ACK	3.118e-02
concentration of enzyme	HYD1	5.559e-02
concentration of enzyme	RNF	7.515e-03

