!!!SBtab DocumentName='pathway' SBtabVersion='1.0' Date='2024-7-15'
!!SBtab TableID='Configuration' TableType='Config' TableName='Configuration' SBtabVersion='1.0'
!Option	!Value	!Comment
flux_unit	Unitless	
version	3	
kcat_source	fwd	
denominator	CM	
regularization	volume	
objective	enzyme	
standard_concentration	1 M	
solver	CLARABEL	
algorithm	ECM	
p_h	6	
ionic_strength	250 mM	
p_mg	3	
dg_confidence	0	

!!SBtab TableID='Reaction' TableType='Reaction' TableName='Reaction' SBtabVersion='1.0'
!ID	!ReactionFormula
LDH	lac = pyr
PFOR	coa + pyr = ac_coa + co2
ACACT1	2 ac_coa = aa_coa + coa
HACD1	aa_coa = hb_coa
ECOAH1	hb_coa = cro_coa + h2o
EBACD1	cro_coa = but_coa
ACACT2	ac_coa + but_coa = coa + oh_coa
HACD2	oh_coa = hh_coa
ECOAH2	hh_coa = h2o + hexe_coa
EBACD2	hexe_coa = hexa_coa
PTA	ac_coa + pi = ace_p + coa
ACK	ace_p + adp = ace + atp
RNF	 = 
HXALD	hexa_coa = coa + h2o + hexanal
ALCD6	hexanal = hexanol
NIR	no2 = h2o + no
NOD	2 no = n2 + o2
ALKBGT	hexanol + o2 = h2o + hex_diol
RUBD_NAD	 = 
NAD_FICTC	 = 

!!SBtab TableID='Compound' TableType='Compound' TableName='Compound' SBtabVersion='1.0'
!ID	!Name	!Identifiers
h2o	H2O	metanetx.chemical:MNXM2
atp	ATP	metanetx.chemical:MNXM3
o2	O2	metanetx.chemical:MNXM4
adp	ADP	metanetx.chemical:MNXM7
pi	Phosphate	metanetx.chemical:MNXM9
coa	Coenzyme A	metanetx.chemical:MNXM12
co2	CO2	metanetx.chemical:MNXM13
ac_coa	Acetyl-CoA	metanetx.chemical:MNXM21
pyr	Pyruvate	metanetx.chemical:MNXM23
ace	Acetate	metanetx.chemical:MNXM26
no2	Nitrite	metanetx.chemical:MNXM107
aa_coa	Acetoacetyl-CoA	metanetx.chemical:MNXM133
lac	L-Lactate	metanetx.chemical:MNXM179
cro_coa	Crotonoyl-CoA	metanetx.chemical:MNXM214
no	Nitric oxide	metanetx.chemical:MNXM228
but_coa	Butanoyl-CoA	metanetx.chemical:MNXM233
ace_p	Acetyl phosphate	metanetx.chemical:MNXM280
hb_coa	(S)-3-Hydroxybutanoyl-CoA	metanetx.chemical:MNXM446
hexa_coa	3'-phosphoadenosine 5'-(3-{(3R)-3-hydroxy-4-[(3-{[2-(hexanoylsulfanyl)ethyl]amino}-3-oxopropyl)amino]-2,2-dimethyl-4-oxobutyl} dihydrogen diphosphate)	metanetx.chemical:MNXM553
oh_coa	3-Oxohexanoyl-CoA	metanetx.chemical:MNXM717
n2	Nitrogen	metanetx.chemical:MNXM724
hexe_coa	Trans-Hex-2-enoyl-CoA	metanetx.chemical:MNXM753
hh_coa	(S)-3-Hydroxyhexanoyl-CoA	metanetx.chemical:MNXM757
hexanal	Hexanal	metanetx.chemical:MNXM8718
hexanol	1-Hexyl alcohol	metanetx.chemical:MNXM18358
hex_diol	1,6-Dihydroxyhexane	metanetx.chemical:MNXM156548

!!SBtab TableID='Thermodynamics' TableType='Quantity' TableName='Thermodynamics' SBtabVersion='1.0' StandardConcentration='M'
!QuantityType	!Reaction	!Compound	!Value	!Unit
reaction gibbs energy	COCO:R00309		5.53	kJ/mol
reaction gibbs energy	COCO:R00310		-14.58	kJ/mol
reaction gibbs energy	COCO:R00311		24.89	kJ/mol
reaction gibbs energy	COCO:R00312		-18.84	kJ/mol
reaction gibbs energy	COCO:R00313		3.30	kJ/mol
reaction gibbs energy	COCO:R00314		-32.46	kJ/mol
reaction gibbs energy	COCO:R00315		30.42	kJ/mol
reaction gibbs energy	COCO:R00316		-21.74	kJ/mol
reaction gibbs energy	COCO:R00317		0.69	kJ/mol
reaction gibbs energy	COCO:R00318		-37.85	kJ/mol
reaction gibbs energy	COCO:R00319		10.14	kJ/mol
reaction gibbs energy	COCO:R00320		-10.93	kJ/mol
reaction gibbs energy	COCO:R00321		-3.86	kJ/mol
reaction gibbs energy	COCO:R00322		-158.88	kJ/mol
reaction gibbs energy	COCO:R00323		-22.59	kJ/mol
reaction gibbs energy	COCO:R00324		-67.36	kJ/mol
reaction gibbs energy	COCO:R00325		-137.90	kJ/mol
reaction gibbs energy	COCO:R00326		-355.03	kJ/mol
reaction gibbs energy	COCO:R00327		-39.56	kJ/mol
reaction gibbs energy	COCO:R00328		-29.52	kJ/mol

!!SBtab TableID='ConcentrationConstraint' TableType='Quantity' TableName='ConcentrationConstraint' SBtabVersion='1.0' Unit='mM'
!QuantityType	!Compound	!Min	!Max
concentration	h2o	1e+03	1e+03
concentration	atp	10	10
concentration	o2	0.0066	0.0066
concentration	adp	0.5	0.5
concentration	pi	20	20
concentration	coa	1	1
concentration	co2	0.01	0.01
concentration	ac_coa	0.001	10
concentration	pyr	0.001	10
concentration	ace	0.001	10
concentration	no2	0.001	10
concentration	aa_coa	0.0004	10
concentration	lac	0.001	10
concentration	cro_coa	0.001	10
concentration	no	0.001	10
concentration	but_coa	0.001	10
concentration	ace_p	0.001	10
concentration	hb_coa	0.001	10
concentration	hexa_coa	0.001	10
concentration	oh_coa	0.0004	10
concentration	n2	0.001	10
concentration	hexe_coa	0.001	10
concentration	hh_coa	0.001	10
concentration	hexanal	0.001	10
concentration	hexanol	0.001	10
concentration	hex_diol	0.001	10

!!SBtab TableID='Flux' TableType='Quantity' TableName='Flux' SBtabVersion='1.0' Unit='dimensionless'
!QuantityType	!Reaction	!Value
rate of reaction	COCO:R00309	1
rate of reaction	COCO:R00310	1
rate of reaction	COCO:R00311	0.25
rate of reaction	COCO:R00312	0.25
rate of reaction	COCO:R00313	0.25
rate of reaction	COCO:R00314	0.25
rate of reaction	COCO:R00315	0.25
rate of reaction	COCO:R00316	0.25
rate of reaction	COCO:R00317	0.25
rate of reaction	COCO:R00318	0.25
rate of reaction	COCO:R00319	0.25
rate of reaction	COCO:R00320	0.25
rate of reaction	COCO:R00321	0.5
rate of reaction	COCO:R00322	0.25
rate of reaction	COCO:R00323	0.25
rate of reaction	COCO:R00324	0.5
rate of reaction	COCO:R00325	0.25
rate of reaction	COCO:R00326	0.25
rate of reaction	COCO:R00327	0.25
rate of reaction	COCO:R00328	0.25

