!!!SBtab DocumentName='pathway' SBtabVersion='1.0' Date='2024-7-15'
!!SBtab TableID='Configuration' TableType='Config' TableName='Configuration' SBtabVersion='1.0'
!Option	!Value	!Comment
flux_unit	Unitless	
version	3	
kcat_source	fwd	
denominator	CM	
regularization	volume	
objective	enzyme	
standard_concentration	1 M	
solver	CLARABEL	
algorithm	ECM	
p_h	6	
ionic_strength	250 mM	
p_mg	3	
dg_confidence	0	

!!SBtab TableID='Reaction' TableType='Reaction' TableName='Reaction' SBtabVersion='1.0'
!ID	!ReactionFormula
LDH	lac = pyr
PFOR	coa + pyr = ac_coa + co2
ACACT	2 ac_coa = aa_coa + coa
HACD	aa_coa = hb_coa
ECOAH	hb_coa = cro_coa + h2o
EBACD	cro_coa = but_coa
CoAT	ace + but_coa = ac_coa + but
PTA	ac_coa + pi = ace_p + coa
ACK	ace_p + adp = ace + atp
HYD1	 = h2
RNF	 = 

!!SBtab TableID='Compound' TableType='Compound' TableName='Compound' SBtabVersion='1.0'
!ID	!Name	!Identifiers
h2o	H2O	metanetx.chemical:MNXM2
atp	ATP	metanetx.chemical:MNXM3
adp	ADP	metanetx.chemical:MNXM7
pi	Phosphate	metanetx.chemical:MNXM9
coa	Coenzyme A	metanetx.chemical:MNXM12
co2	CO2	metanetx.chemical:MNXM13
ac_coa	Acetyl-CoA	metanetx.chemical:MNXM21
pyr	Pyruvate	metanetx.chemical:MNXM23
ace	Acetate	metanetx.chemical:MNXM26
aa_coa	Acetoacetyl-CoA	metanetx.chemical:MNXM133
lac	L-Lactate	metanetx.chemical:MNXM179
h2	H2	metanetx.chemical:MNXM195
cro_coa	Crotonoyl-CoA	metanetx.chemical:MNXM214
but_coa	Butanoyl-CoA	metanetx.chemical:MNXM233
ace_p	Acetyl phosphate	metanetx.chemical:MNXM280
hb_coa	(S)-3-Hydroxybutanoyl-CoA	metanetx.chemical:MNXM446
but	1-butanoate	metanetx.chemical:MNXM458

!!SBtab TableID='Thermodynamics' TableType='Quantity' TableName='Thermodynamics' SBtabVersion='1.0' StandardConcentration='M'
!QuantityType	!Reaction	!Compound	!Value	!Unit
reaction gibbs energy	COCO:R00186		5.53	kJ/mol
reaction gibbs energy	COCO:R00187		-14.58	kJ/mol
reaction gibbs energy	COCO:R00188		24.89	kJ/mol
reaction gibbs energy	COCO:R00189		-18.84	kJ/mol
reaction gibbs energy	COCO:R00190		3.30	kJ/mol
reaction gibbs energy	COCO:R00191		-32.46	kJ/mol
reaction gibbs energy	COCO:R00192		-4.39	kJ/mol
reaction gibbs energy	COCO:R00193		10.14	kJ/mol
reaction gibbs energy	COCO:R00194		-10.93	kJ/mol
reaction gibbs energy	COCO:R00195		10.50	kJ/mol
reaction gibbs energy	COCO:R00196		-15.44	kJ/mol

!!SBtab TableID='ConcentrationConstraint' TableType='Quantity' TableName='ConcentrationConstraint' SBtabVersion='1.0' Unit='mM'
!QuantityType	!Compound	!Min	!Max
concentration	h2o	1e+03	1e+03
concentration	atp	10	10
concentration	adp	0.5	0.5
concentration	pi	20	20
concentration	coa	1	1
concentration	co2	0.01	0.01
concentration	ac_coa	0.001	10
concentration	pyr	0.001	10
concentration	ace	0.001	10
concentration	aa_coa	0.0004	10
concentration	lac	0.001	10
concentration	h2	1.58	1.58
concentration	cro_coa	0.001	10
concentration	but_coa	0.001	10
concentration	ace_p	0.001	10
concentration	hb_coa	0.001	10
concentration	but	0.001	10

!!SBtab TableID='Flux' TableType='Quantity' TableName='Flux' SBtabVersion='1.0' Unit='dimensionless'
!QuantityType	!Reaction	!Value
rate of reaction	COCO:R00186	1
rate of reaction	COCO:R00187	1
rate of reaction	COCO:R00188	0.5
rate of reaction	COCO:R00189	0.5
rate of reaction	COCO:R00190	0.5
rate of reaction	COCO:R00191	0.5
rate of reaction	COCO:R00192	0.5
rate of reaction	COCO:R00193	0.5
rate of reaction	COCO:R00194	0.5
rate of reaction	COCO:R00195	1
rate of reaction	COCO:R00196	0.5

